"panelista","encuesta","nombreapp","paquete","version","fuente","categoria","malware","sistema","lanzador","fecha 2020-01","dias 2020-01","uso 2020-01","fecha 2020-02","dias 2020-02","uso 2020-02","fecha 2020-03","dias 2020-03","uso 2020-03","fecha 2020-04","dias 2020-04","uso 2020-04","fecha 2020-05","dias 2020-05","uso 2020-05","fecha 2020-06","dias 2020-06","uso 2020-06"
"670","GXKKTHOV","""DH Texas Poker""","com.droidhen.game.poker","""2.8.1""","com.android.vending","Casino","","","1","0","0","N/D","0","0","N/D","0","0","N/D","0","0","N/D","","0","","0","0","N/D"
"670","GXKKTHOV","sonia","com.huuuge.casino.slots","","","","","","","0","0","N/D","0","0","N/D","","15","0","0","0","N/D","","0","","0","0","N/D"
"960","DCYUGFPN","sonia","com.gamepoint.bingo","","","","","","","0","0","N/D","2020-02-29 19:54","28","11152","0","0","N/D","0","0","N/D","","0","","0","0","N/D"
"961","OHHUTLNK","sonia","es.cabmagazine.bingoencasa","","","","","","","0","0","N/D","0","0","N/D","0","0","N/D","0","0","N/D","5/13/2020 16:28","12","286441","0","0","N/D"
"993","QCFAMNUV","sonia","com.uken.BingoPop","","","","","","","0","0","N/D","2020-02-29 20:40","28","26459514","","30","21625487","0","0","N/D","","0","","0","0","N/D"
"993","QCFAMNUV","sonia","com.uken.BingoPop","","","","","","","0","0","N/D","0","0","N/D","0","0","N/D","","27","11052847","5/8/2020 2:20","7","4398240","0","0","N/D"
"1093","KXLDFCDH","sonia","air.com.A888pokerandroid.ES","","","","","","","0","0","N/D","0","0","N/D","","17","18792","0","0","N/D","","0","","0","0","N/D"
"1093","KXLDFCDH","sonia","air.com.A888pokerandroid.ES","","","","","","","0","0","N/D","0","0","N/D","0","0","N/D","0","0","N/D","5/15/2020 10:20","14","13214134","0","0","N/D"
"1093","KXLDFCDH","sonia","es.partypoker.poker","","","","","","","0","0","N/D","0","0","N/D","0","0","N/D","0","0","N/D","5/15/2020 10:20","14","8978288","0","0","N/D"
"1093","KXLDFCDH","sonia","com.partypoker.mobileapp","","","","","","","0","0","N/D","0","0","N/D","0","0","N/D","0","0","N/D","5/15/2020 10:20","14","19836","0","0","N/D"
"1093","KXLDFCDH","sonia","com.pyrsoftware.pokerstars.es","","","","","","","0","0","N/D","0","0","N/D","","18","251784","0","0","N/D","","0","","0","0","N/D"
"1093","KXLDFCDH","sonia","com.pyrsoftware.pokerstars.es","","","","","","","0","0","N/D","0","0","N/D","0","0","N/D","0","0","N/D","5/15/2020 10:20","14","9582563","0","0","N/D"
"1093","KXLDFCDH","sonia","com.sportium.poker","","","","","","","0","0","N/D","0","0","N/D","0","0","N/D","0","0","N/D","5/15/2020 10:20","14","6758736","0","0","N/D"
"1596","GAOICTPK","""Huuuge Casino""","com.huuuge.casino.slots","""5.2.1800""","com.android.vending","Casino","","","1","0","0","N/D","2020-02-29 22:59","28","165901","0","0","N/D","","25","33207","5/31/2020 21:59","30","305275","","14","219912"
"1596","GAOICTPK","""RockNCash Casino Slot""","net.flysher.rockncash","""1.35.5""","com.android.vending","Casino","","","1","0","0","N/D","0","0","N/D","0","0","N/D","0","0","N/D","","0","","0","0","N/D"
"1596","GAOICTPK","sonia","com.huuuge.casino.texas","","","","","","","0","0","N/D","2020-02-29 22:59","28","969666","","30","969666","0","0","N/D","","0","","0","0","N/D"
"1596","GAOICTPK","sonia","com.wgames.en.neverlandcasino","","","","","","","0","0","N/D","2020-02-29 22:59","28","8834607","","30","8834607","0","0","N/D","","0","","0","0","N/D"
"3208","GCUHQLIL","""Luckia""","medianet.luckia","""4.0.2""","unknown","Sin categorizar","","","1","0","0","N/D","2020-02-23 14:43","22","13875","0","0","N/D","0","0","N/D","5/13/2020 19:22","12","5738","0","0","N/D"
"3224","DCJKNDQQ","""Zynga Poker""","com.zynga.livepoker","""21.92""","com.android.vending","Casino","","","1","0","0","N/D","2020-02-24 10:23","23","190688","","30","19984","0","0","N/D","","0","","","29","146316"
"4178","GFCBVEKN","""Bingo Win""","com.bingo.games.online.offline.free.slots.lotto.keno.casino.adventure","""1.2.6""","com.android.vending","Board","","","1","0","0","N/D","0","0","N/D","0","0","N/D","0","0","N/D","","0","","0","0","N/D"
"4507","PKENFJAP","""bet365""","org.chromium.webapk.a90ecd198665365ac","""48""","com.android.vending","Sin categorizar","","","","0","0","N/D","0","0","N/D","0","0","N/D","0","0","N/D","","0","","0","0","N/D"
"4691","EKLEGRKR","""Big Time""","com.winrgames.bigtime","""3.4.5""","com.android.vending","Casino","","","1","0","0","N/D","0","0","N/D","","12","0","0","0","N/D","5/13/2020 18:50","12","0","0","0","N/D"
"5080","OMLILYMD","""Big Time""","com.winrgames.bigtime","""3.4.5""","com.android.vending","Casino","","","1","0","0","N/D","2020-02-25 11:20","24","101069","0","0","N/D","0","0","N/D","5/24/2020 13:54","23","234931","0","0","N/D"
"5090","VPVOGJQB","sonia","com.kamagames.pokerist","","","","","","","0","0","N/D","2020-02-24 09:54","23","0","0","0","N/D","0","0","N/D","","0","","0","0","N/D"
"5176","BJGHUHMS","""Absolute Bingo""","com.absolute.bingo","""2.05.002""","com.android.vending","Card","","","1","0","0","N/D","0","0","N/D","0","0","N/D","0","0","N/D","","0","","0","0","N/D"
"5202","RJNHCRAB","""bet365""","com.bet365Wrapper.Bet365_Application","""5.0.3.0""","com.google.android.packageinstaller","Sports","","","1","0","0","N/D","2020-02-24 14:32","23","0","0","0","N/D","0","0","N/D","","0","","0","0","N/D"
"5206","PHAGROJL","sonia","com.Bingo.Fighter","","","","","","","0","0","N/D","0","0","N/D","0","0","N/D","0","0","N/D","5/13/2020 14:46","12","165193","0","0","N/D"
"5439","CALIHLTU","""Cartones de Bingo""","es.bingo.cartonesbingo","""2.5.0""","com.android.vending","Casual","","","1","0","0","N/D","2020-02-25 20:51","24","0","0","0","N/D","0","0","N/D","5/13/2020 12:58","12","0","0","0","N/D"
"5919","CSORCHHL","""bet365""","org.chromium.webapk.a3a2329b32a409234","""81""","com.android.vending","Sin categorizar","","","","0","0","N/D","2020-02-27 10:07","26","0","0","0","N/D","0","0","N/D","","0","","0","0","N/D"
"6030","SYXQOALR","""Jackpot Poker""","com.pokerstars.cebo","""6.0.2""","com.android.vending","Casino","","","1","0","0","N/D","2020-02-24 10:27","23","0","0","0","N/D","0","0","N/D","5/13/2020 13:51","12","0","0","0","N/D"
"6539","BGUMYIYP","sonia","com.playtika.caesarscasino","","","","","","","0","0","N/D","0","0","N/D","","27","605162","0","0","N/D","","0","","0","0","N/D"
"6570","BJBCARBL","""Slotomania""","air.com.playtika.slotomania","""6.2.3""","com.android.vending","Casino","","","1","0","0","N/D","2020-02-28 14:57","27","0","0","0","N/D","0","0","N/D","5/19/2020 17:26","18","0","0","0","N/D"
"6596","VFJEDRTS","""Lucky Winner""","playgame.free.scratchers.win.realmoney.lucky.day.casino","""1.1.5""","com.android.vending","Lifestyle","","","1"," ","28","0","2020-02-29 20:04","28","0","0","0","N/D","","29","0","5/30/2020 13:53","29","0","","29","0"
"6596","VFJEDRTS","""Scratch Day""","com.viker.scratchattack","""3.11.1""","com.android.vending","Casino","","","1"," ","28","341509","2020-02-29 20:04","28","129601","","2","62502","","29","202988","5/30/2020 13:53","29","150584","","29","3382891"
"6622","PCTAKCEW","""Kirolbet""","com.kirolsoft.main","""2.3.2.18""","com.google.android.packageinstaller","Sin categorizar","","","","0","0","N/D","0","0","N/D","0","0","N/D","0","0","N/D","5/30/2020 12:36","29","325501","0","0","N/D"
"6636","XGOQWQBG","sonia","com.lein.pppoker.android","","","","","","","0","0","N/D","0","0","N/D","0","0","N/D","","25","13744","","0","","0","0","N/D"
"6698","PHKDHDAC","""Coin Dozer""","com.leftover.CoinDozer","""19.7""","com.google.android.packageinstaller","Casino","","","1","0","0","N/D","2020-02-24 16:32","23","0","0","0","N/D","0","0","N/D","5/13/2020 9:25","12","0","0","0","N/D"
"6698","PHKDHDAC","""Coin Pusher""","com.CoinGame.CoinPusher","""5.1""","com.android.vending","Casino","","","1","0","0","N/D","0","0","N/D","0","0","N/D","0","0","N/D","","0","","0","0","N/D"
"6698","PHKDHDAC","""Lucky Day""","com.luckyday.app","""6.8.2""","com.android.vending","Casino","","","1","0","0","N/D","2020-02-24 16:32","23","0","0","0","N/D","0","0","N/D","5/13/2020 9:25","12","0","0","0","N/D"
"6701","GPEQIAMQ","sonia","com.huuuge.casino.slots","","","","","","","0","0","N/D","0","0","N/D","","15","0","0","0","N/D","","0","","0","0","N/D"
"6731","WAXFAIAM","""Codere APPuestas""","es.codere.apuestas","""1.0""","com.google.android.packageinstaller","Sin categorizar","","","1","0","0","N/D","0","0","N/D","0","0","N/D","0","0","N/D","5/20/2020 13:06","19","0","0","0","N/D"
"6731","WAXFAIAM","""Casino ES""","es.pokerstars.casino","""3.20.0""","com.google.android.packageinstaller","Sin categorizar","","","","0","0","N/D","0","0","N/D","","1","0","0","0","N/D","5/20/2020 13:06","19","0","0","0","N/D"
"6731","WAXFAIAM","""Kirolbet""","com.kirolsoft.main","""2.3.2.18""","com.google.android.packageinstaller","Sin categorizar","","","","0","0","N/D","0","0","N/D","0","0","N/D","0","0","N/D","5/20/2020 13:06","19","0","0","0","N/D"
"6731","WAXFAIAM","""Luckia""","medianet.luckia","""4.5.0""","com.google.android.packageinstaller","Sin categorizar","","","1","0","0","N/D","0","0","N/D","","1","29965","0","0","N/D","5/20/2020 13:06","19","103635","0","0","N/D"
"6731","WAXFAIAM","""Big Time""","com.winrgames.bigtime","""3.4.5""","com.android.vending","Casino","","","1","0","0","N/D","0","0","N/D","0","0","N/D","0","0","N/D","5/20/2020 13:06","19","3523857","0","0","N/D"
"6731","WAXFAIAM","""Lucky Day""","com.luckyday.app","""6.8.2""","com.android.vending","Casino","","","1","0","0","N/D","0","0","N/D","","1","39027","0","0","N/D","5/20/2020 13:06","19","812168","0","0","N/D"
"6751","ROMYGEUN","""Lucky Day""","com.luckyday.app","""6.7.1""","com.android.vending","Casino","","","1"," ","23","0","0","0","N/D","","23","0","","28","0","5/31/2020 21:59","30","0","","20","0"
"6793","OCUWBYTS","sonia","com.grandegames.slots.dafu.casino","","","","","","","0","0","N/D","2020-02-29 22:59","28","3438253","","30","3438253","0","0","N/D","","0","","0","0","N/D"
"6793","OCUWBYTS","sonia","com.grandegames.slots.dafu.casino","","","","","","","0","0","N/D","0","0","N/D","0","0","N/D","","29","3438253","5/31/2020 21:59","30","3438253","","15","3438253"
"6793","OCUWBYTS","sonia","com.playshoo.texaspoker.romania","","","","","","","0","0","N/D","2020-02-29 22:59","28","774832","","30","774832","0","0","N/D","","0","","0","0","N/D"
"6793","OCUWBYTS","sonia","com.playshoo.texaspoker.romania","","","","","","","0","0","N/D","0","0","N/D","0","0","N/D","","29","774832","5/31/2020 21:59","30","774832","","15","774832"
"6793","OCUWBYTS","sonia","air.com.spicerackmedia.bingoshowdown","","","","","","","0","0","N/D","0","0","N/D","0","0","N/D","","29","86464","5/31/2020 21:59","30","86464","","15","86464"
"6793","OCUWBYTS","sonia","air.com.spicerackmedia.bingoshowdown","","","","","","","0","0","N/D","2020-02-29 22:59","28","86464","","30","86464","0","0","N/D","","0","","0","0","N/D"
"6793","OCUWBYTS","sonia","com.Bingo.Football","","","","","","","0","0","N/D","0","0","N/D","0","0","N/D","","29","1209896","5/31/2020 21:59","30","1209896","","15","1209896"
"6793","OCUWBYTS","sonia","com.Bingo.Football","","","","","","","0","0","N/D","2020-02-29 22:59","28","1209896","","30","1209896","0","0","N/D","","0","","0","0","N/D"
"6793","OCUWBYTS","sonia","com.mola.playspace.android.bingo","","","","","","","0","0","N/D","0","0","N/D","0","0","N/D","","29","1022505","5/31/2020 21:59","30","1022505","","15","1022505"
"6793","OCUWBYTS","sonia","com.mola.playspace.android.bingo","","","","","","","0","0","N/D","2020-02-29 22:59","28","1022505","","30","1022505","0","0","N/D","","0","","0","0","N/D"
"6793","OCUWBYTS","sonia","com.sharkparty.monopolybingo","","","","","","","0","0","N/D","2020-02-29 22:59","28","560292","","30","560292","0","0","N/D","","0","","0","0","N/D"
"6793","OCUWBYTS","sonia","com.sharkparty.monopolybingo","","","","","","","0","0","N/D","0","0","N/D","0","0","N/D","","29","560292","5/31/2020 21:59","30","560292","","15","560292"
"6832","CQHNFUXR","""Com2uSPoker""","com.com2us.c2sholdem.normal.freefull.samsungapps.global.android.samsung","""1.2.7""","system","Sin categorizar","","1","1","0","0","N/D","0","0","N/D","0","0","N/D","0","0","N/D","","0","","0","0","N/D"
"6876","TAGAIHDS","sonia","air.com.pipastudios.release.praiabingo","","","","","","","0","0","N/D","0","0","N/D","0","0","N/D","0","0","N/D","","0","","","2","0"
"6916","XSJHHIWS","""Bingo Blitz""","air.com.buffalo_studios.newflashbingo","""4.39.0""","com.android.vending","Board","","","","0","0","N/D","2020-02-24 11:58","23","868671","","12","914126","0","0","N/D","5/13/2020 20:02","12","28383","0","0","N/D"
"7041","ODPLRNOU","""PokerStars ES""","com.pyrsoftware.pokerstars.es","""1.113.0""","com.google.android.packageinstaller","Sin categorizar","","","1","0","0","N/D","2020-02-29 22:59","28","27357753","","30","27357753","","29","27357753","5/31/2020 21:59","30","27357753","","14","27357753"
"7041","ODPLRNOU","""Huuuge Casino""","com.huuuge.casino.slots","""5.4.1900""","com.android.vending","Casino","","","1","0","0","N/D","0","0","N/D","0","0","N/D","0","0","N/D","","0","","0","0","N/D"
"7041","ODPLRNOU","""Pop! Slots""","com.playstudios.popslots","""2.58.14764""","com.android.vending","Casino","","","1","0","0","N/D","2020-02-29 22:59","28","350624","","30","350624","","29","350624","5/31/2020 21:59","30","350624","","14","350624"
"7041","ODPLRNOU","""House of Fun""","com.pacificinteractive.HouseOfFun","""3.59""","com.android.vending","Casino","","","1","0","0","N/D","2020-02-29 22:59","28","0","","30","0","","29","0","5/31/2020 21:59","30","0","","14","0"
"7041","ODPLRNOU","""Outbuck""","com.outbuck.scratchcards","""1.15""","com.android.vending","Casino","","","","0","0","N/D","2020-02-29 22:59","28","444113","","30","444113","","29","444113","5/31/2020 21:59","30","444113","","14","444113"
"7041","ODPLRNOU","""Loco Bingo Playspace""","com.mola.playspace.android.bingo","""2.55.0""","com.android.vending","Casino","","","1","0","0","N/D","0","0","N/D","0","0","N/D","0","0","N/D","","0","","0","0","N/D"
"7041","ODPLRNOU","""Lucky Day""","com.luckyday.app","""6.8.3""","com.android.vending","Casino","","","1","0","0","N/D","2020-02-29 22:59","28","9814054","","30","9814054","","29","9814054","5/31/2020 21:59","30","9814054","","14","9814054"
"7041","ODPLRNOU","""Cartones de Bingo""","es.bingo.cartonesbingo","""2.5.0""","com.android.vending","Casual","","","1","0","0","N/D","0","0","N/D","0","0","N/D","0","0","N/D","","0","","0","0","N/D"
"7225","MLMCGBQJ","sonia","com.Bingo.Fighter","","","","","","","0","0","N/D","0","0","N/D","0","0","N/D","0","0","N/D","","0","","","29","3193984"
"7379","WDBTRWOH","""bet365""","com.ratul.bet365","""1.0""","com.google.android.packageinstaller","Sin categorizar","","","1"," ","29","0","2020-02-26 13:13","25","0","","30","0","0","0","N/D","5/14/2020 10:53","13","0","0","0","N/D"
"7552","YBSOFADT","""Zynga Poker""","com.zynga.livepoker","""21.92""","com.android.vending","Casino","","","1","0","0","N/D","0","0","N/D","","16","0","0","0","N/D","5/15/2020 10:48","14","0","0","0","N/D"
"7616","RYNCRMCE","""Neverland Casino""","com.wgames.en.neverlandcasino","""2.45.1""","com.android.vending","Casino","","","1","0","0","N/D","0","0","N/D","","30","197641","0","0","N/D","5/17/2020 4:39","16","129760","0","0","N/D"
"7616","RYNCRMCE","""Billionaire Casino""","com.huuuge.casino.texas","""5.3.1850""","com.android.vending","Casino","","","1","0","0","N/D","0","0","N/D","","30","0","0","0","N/D","5/17/2020 4:39","16","0","0","0","N/D"
"7616","RYNCRMCE","sonia","com.huuuge.casino.slots","","","","","","","0","0","N/D","0","0","N/D","","30","456409","0","0","N/D","","0","","0","0","N/D"
"7747","LHVSYSJJ","sonia","com.bingo.scape.android.free","","","","","","","0","0","N/D","2020-02-29 18:22","28","0","0","0","N/D","0","0","N/D","","0","","0","0","N/D"
"7773","FCMDLGAS","sonia","air.com.bitrhymes.bingo","","","","","","","0","0","N/D","2020-02-26 22:40","25","0","0","0","N/D","0","0","N/D","","0","","0","0","N/D"
"7773","FCMDLGAS","sonia","air.com.buffalo_studios.newflashbingo","","","","","","","0","0","N/D","2020-02-26 22:40","25","0","0","0","N/D","0","0","N/D","","0","","0","0","N/D"
"7780","RJWVGVOL","""Jackpot Poker""","com.pokerstars.cebo","""6.0.2""","com.android.vending","Casino","","","1","0","0","N/D","2020-02-24 21:53","23","7321750","0","0","N/D","","29","6113543","5/21/2020 15:33","20","2084962","0","0","N/D"
"7802","KKYXXKNS","""bet365""","com.bet365Wrapper.Bet365_Application","""5.0.3.0""","com.google.android.packageinstaller","Sports","","","1","0","0","N/D","0","0","N/D","","9","0","0","0","N/D","","0","","0","0","N/D"
"7998","HFMSGSET","sonia","air.com.pipastudios.release.praiabingo","","","","","","","0","0","N/D","0","0","N/D","0","0","N/D","0","0","N/D","","0","","","29","816938"
"7998","HFMSGSET","sonia","com.huuuge.casino.texas","","","","","","","0","0","N/D","0","0","N/D","0","0","N/D","0","0","N/D","","0","","","29","33581"
"7999","EUNYJCJW","""Bingo Set""","com.littlebandit.bingoset","""1.3.6""","com.android.vending","Board","","","1","0","0","N/D","2020-02-26 06:50","25","0","","30","0","0","0","N/D","","0","","0","0","N/D"
"8037","AEQNHFOI","""Big Time""","com.winrgames.bigtime","""3.4.5""","com.android.vending","Casino","","","1","0","0","N/D","2020-02-27 19:57","26","716975","0","0","N/D","0","0","N/D","5/17/2020 1:19","16","48039","0","0","N/D"
"8125","TMHGCHEY","""Zynga Poker""","com.zynga.livepoker","""21.92""","com.android.vending","Casino","","","1","0","0","N/D","2020-02-24 14:39","23","0","0","0","N/D","0","0","N/D","5/17/2020 7:35","16","0","0","0","N/D"
"8188","BWFDAVGO","""Big Time""","com.winrgames.bigtime","""3.4.5""","com.android.vending","Casino","","","1","0","0","N/D","0","0","N/D","0","0","N/D","0","0","N/D","","0","","0","0","N/D"
"8253","FUGUEXAI","""bet365""","com.bet365Wrapper.Bet365_Application","""5.0.7.0""","com.google.android.packageinstaller","Sports","","","1","0","0","N/D","0","0","N/D","","10","160857","0","0","N/D","","0","","0","0","N/D"
"8267","QCKIVXMY","""Blackjack""","com.brainium.blackjack","""1.3.1.107""","com.android.vending","Casino","","","1","0","0","N/D","2020-02-26 15:11","25","0","0","0","N/D","0","0","N/D","5/27/2020 8:25","26","0","0","0","N/D"
"8274","WQYQRPPC","""Billionaire Casino""","com.huuuge.casino.texas","""5.4.1900""","com.android.vending","Casino","","","1","0","0","N/D","2020-02-28 17:54","27","0","","4","0","0","0","N/D","5/31/2020 21:59","30","0","","14","0"
"8274","WQYQRPPC","""Spin Day""","com.viker.spinday","""2.12.0""","com.android.vending","Casino","","","1","0","0","N/D","2020-02-28 17:54","27","0","","4","0","","29","0","5/31/2020 21:59","30","0","","14","0"
"8274","WQYQRPPC","""Scratch Day""","com.viker.scratchattack","""3.12.0""","com.android.vending","Casino","","","1","0","0","N/D","2020-02-28 17:54","27","0","","4","0","","29","0","5/31/2020 21:59","30","0","","14","0"
"8274","WQYQRPPC","""Jackpot Party""","com.williamsinteractive.jackpotparty","""5015.00""","com.android.vending","Casino","","","1","0","0","N/D","2020-02-28 17:54","27","0","0","0","N/D","0","0","N/D","5/31/2020 21:59","30","0","","14","0"
"8274","WQYQRPPC","""Lucky Day""","com.luckyday.app","""6.8.3""","com.android.vending","Casino","","","1","0","0","N/D","2020-02-28 17:54","27","0","0","0","N/D","0","0","N/D","5/31/2020 21:59","30","0","","14","0"
"8274","WQYQRPPC","""Bingo en Casa""","es.cabmagazine.bingoencasa","""3.3.1""","com.android.vending","Casual","","","","0","0","N/D","2020-02-28 17:54","27","0","","4","0","","29","0","5/31/2020 21:59","30","0","","14","0"
"8274","WQYQRPPC","sonia","com.huuuge.casino.slots","","","","","","","0","0","N/D","2020-02-28 17:54","27","1771674","","4","215477","0","0","N/D","","0","","0","0","N/D"
"8274","WQYQRPPC","sonia","com.huuuge.casino.slots","","","","","","","0","0","N/D","0","0","N/D","0","0","N/D","","29","1170702","5/31/2020 21:59","30","2126694","0","0","N/D"
"8274","WQYQRPPC","sonia","com.wgames.en.neverlandcasino","","","","","","","0","0","N/D","0","0","N/D","0","0","N/D","","29","818005","5/31/2020 21:59","30","1306648","0","0","N/D"
"8274","WQYQRPPC","sonia","air.com.buffalo_studios.newflashbingo","","","","","","","0","0","N/D","2020-02-28 17:54","27","0","","4","0","0","0","N/D","","0","","0","0","N/D"
"8274","WQYQRPPC","sonia","com.playtika.caesarscasino","","","","","","","0","0","N/D","0","0","N/D","0","0","N/D","","29","1485717","","0","","0","0","N/D"
"8279","JBOVPFUU","sonia","com.coldfiregames.idle.casino.tycoon","","","","","","","0","0","N/D","2020-02-29 22:59","28","3512791","","30","3512791","0","0","N/D","","0","","0","0","N/D"
"8299","SPDDPQLO","sonia","com.mola.playspace.android.bingo","","","","","","","0","0","N/D","0","0","N/D","0","0","N/D","0","0","N/D","5/28/2020 18:17","27","4334240","0","0","N/D"
"8314","UBHXAPBE","sonia","com.playtech.poker.ipoker.qt2","","","","","","","0","0","N/D","2020-02-24 14:56","23","348233","0","0","N/D","0","0","N/D","","0","","0","0","N/D"
"8314","UBHXAPBE","sonia","air.com.pipastudios.release.praiabingo","","","","","","","0","0","N/D","2020-02-24 14:56","23","775219","0","0","N/D","0","0","N/D","","0","","0","0","N/D"
"8314","UBHXAPBE","sonia","com.huuuge.casino.texas","","","","","","","0","0","N/D","2020-02-24 14:56","23","3641967","0","0","N/D","0","0","N/D","","0","","0","0","N/D"
"8352","SFFRUQNF","sonia","com.mola.playspace.android.bingo","","","","","","","0","0","N/D","2020-02-26 02:24","25","42703","0","0","N/D","0","0","N/D","","0","","0","0","N/D"
"8380","THPGCIDI","""Bingo en Casa""","es.cabmagazine.bingoencasa","""3.3.1""","com.android.vending","Casual","","",""," ","26","135873","0","0","N/D","0","0","N/D","0","0","N/D","","0","","","29","5382"
"8387","JNOITWWP","sonia","com.absolute.bingo","","","","","","","0","0","N/D","2020-02-24 21:01","23","83549","0","0","N/D","0","0","N/D","","0","","0","0","N/D"
"8392","XMKNBTBP","""PokerStars ES""","com.pyrsoftware.pokerstars.es","""1.117.0""","com.google.android.packageinstaller","Sin categorizar","","","1"," ","25","4058397","2020-02-25 11:08","24","1918423","0","0","N/D","","27","1039067","","0","","0","0","N/D"
"8422","DUWAIJCJ","sonia","air.com.akamon.bingo.BingoRider","","","","","",""," ","27","97256716","0","0","N/D","","25","2012034","0","0","N/D","","0","","0","0","N/D"
"8422","DUWAIJCJ","sonia","air.com.akamon.bingo.BingoRider","","","","","","","0","0","N/D","0","0","N/D","0","0","N/D","0","0","N/D","5/14/2020 9:54","13","156407043","0","0","N/D"
"8422","DUWAIJCJ","sonia","com.huuuge.casino.slots","","","","","","","0","0","N/D","0","0","N/D","","25","189298","0","0","N/D","","0","","0","0","N/D"
"8422","DUWAIJCJ","sonia","com.mola.playspace.android.bingo","","","","","",""," ","27","487720","0","0","N/D","","25","387321","0","0","N/D","","0","","0","0","N/D"
"8448","WXDBMVSJ","""Bingo Bash""","air.com.bitrhymes.bingo","""1.135.1""","com.android.vending","Board","","","1"," ","26","0","2020-02-26 18:56","25","0","","30","156476","","29","144334","5/31/2020 21:59","30","12142","","16","0"
"8448","WXDBMVSJ","""Bingo Blitz""","air.com.buffalo_studios.newflashbingo","""4.42.2""","com.android.vending","Board","","","","0","0","N/D","0","0","N/D","","30","0","","29","0","5/31/2020 21:59","30","0","","16","0"
"8448","WXDBMVSJ","sonia","com.grandegames.slots.dafu.casino","","","","","","","0","0","N/D","0","0","N/D","0","0","N/D","","29","732412","","0","","0","0","N/D"
"8448","WXDBMVSJ","sonia","com.grandegames.slots.dafu.casino","","","","","","","0","0","N/D","0","0","N/D","","30","732412","0","0","N/D","","0","","0","0","N/D"
"8453","YOARGXHT","sonia","slots.pcg.casino.games.free.android","","","","","","","0","0","N/D","0","0","N/D","","14","1806336","0","0","N/D","","0","","0","0","N/D"
"8653","KXPSDSYF","sonia","playgame.free.scratchers.win.realmoney.lucky.day.casino","","","","","","","0","0","N/D","2020-02-27 20:35","26","7543864","0","0","N/D","0","0","N/D","","0","","0","0","N/D"
"8750","WUMJSOJF","""Paf Casino""","com.paf.mobile","""2.0.4""","com.google.android.packageinstaller","Sin categorizar","","","1","0","0","N/D","2020-02-24 21:37","23","0","0","0","N/D","0","0","N/D","5/13/2020 18:00","12","0","0","0","N/D"
"8750","WUMJSOJF","sonia","com.huuuge.casino.texas","","","","","","","0","0","N/D","2020-02-24 12:15","23","5235307","0","0","N/D","0","0","N/D","","0","","0","0","N/D"
"8753","OLLEANKM","""Big Time""","com.winrgames.bigtime","""3.4.5""","com.android.vending","Casino","","","1","0","0","N/D","2020-02-29 22:59","28","0","","30","0","","29","0","5/31/2020 21:59","30","0","","14","0"
"8759","IYSAGABE","sonia","com.bingo.tour.party.crazy.free","","","","","","","0","0","N/D","0","0","N/D","","5","65299","0","0","N/D","","0","","0","0","N/D"
"8778","JEBGPRFU","""Lucky Day""","com.luckyday.app","""6.8.2""","com.android.vending","Casino","","","1","0","0","N/D","0","0","N/D","","2","0","0","0","N/D","5/13/2020 19:30","12","0","0","0","N/D"
"8792","MJEGQHHI","sonia","com.mola.playspace.android.bingo","","","","","","","0","0","N/D","2020-02-24 10:32","23","127326","","22","127326","0","0","N/D","","0","","0","0","N/D"
"8792","MJEGQHHI","sonia","es.cabmagazine.bingoencasa","","","","","","","0","0","N/D","2020-02-24 10:32","23","104129","","22","104129","0","0","N/D","","0","","0","0","N/D"
"8792","MJEGQHHI","sonia","air.com.pipastudios.release.praiabingo","","","","","","","0","0","N/D","0","0","N/D","","22","52600","0","0","N/D","","0","","0","0","N/D"
"8810","SIQSFIFJ","""Bingo en Casa""","es.cabmagazine.bingoencasa","""3.3.1""","com.android.vending","Casual","","","","0","0","N/D","0","0","N/D","0","0","N/D","0","0","N/D","","0","","0","0","N/D"
"8844","IGFMJVTI","""Spin Day""","com.viker.spinday","""2.12.0""","com.android.vending","Casino","","","1","0","0","N/D","0","0","N/D","0","0","N/D","0","0","N/D","","0","","0","0","N/D"
"8845","ROSLCSHV","sonia","slots.hot.vegas.casino.games.free","","","","","","","0","0","N/D","2020-02-29 16:53","28","100470","0","0","N/D","0","0","N/D","","0","","0","0","N/D"
"8866","YBYYPVUQ","sonia","com.littlebandit.bingoset","","","","","","","0","0","N/D","2020-02-29 07:59","28","0","0","0","N/D","0","0","N/D","","0","","0","0","N/D"
"8873","NFWBYTLC","""Bingo Drive""","air.com.glidingdeer.bingodrivemobile","""1.0.325""","com.android.vending","Casino","","","1"," ","28","0","2020-02-24 15:47","23","0","","14","0","","26","0","","0","","0","0","N/D"
"8885","FUHCDIJB","sonia","com.zynga.livepoker","","","","","","","0","0","N/D","2020-02-29 19:23","28","770729","","1","0","0","0","N/D","","0","","0","0","N/D"
"8891","SUJLVWUR","sonia","com.mola.playspace.android.bingo","","","","","",""," ","29","30870","0","0","N/D","0","0","N/D","0","0","N/D","","0","","0","0","N/D"
"8975","XNYTHRNY","sonia","air.com.buffalo_studios.newflashbingo","","","","","",""," ","30","73536","0","0","N/D","","29","73536","0","0","N/D","","0","","0","0","N/D"
"8988","KAAOTVFT","""PokerStarsES""","com.pyrsoftware.pokerstars.es","""1.122.0""","com.google.android.packageinstaller","Sin categorizar","","","1","0","0","N/D","2020-02-24 22:54","23","3325","0","0","N/D","0","0","N/D","5/13/2020 10:45","12","11880","0","0","N/D"
"9112","FCFDTAWU","""Loco Bingo Playspace""","com.mola.playspace.android.bingo","""2.54.3""","com.android.vending","Casino","","","1","0","0","N/D","0","0","N/D","","12","0","0","0","N/D","5/23/2020 4:20","22","0","0","0","N/D"
"9184","JYBAYUWH","sonia","com.pyrsoftware.pokerstars.es","","","","","","","0","0","N/D","0","0","N/D","0","0","N/D","0","0","N/D","5/31/2020 20:45","30","4549007","0","0","N/D"
"9184","JYBAYUWH","sonia","com.zynga.livepoker","","","","","","","0","0","N/D","0","0","N/D","0","0","N/D","0","0","N/D","5/31/2020 20:45","30","0","0","0","N/D"
"9186","OMDDDVTU","sonia","com.twelvegigs.heaven.bingo","","","","","","","0","0","N/D","2020-02-25 12:35","24","299897","0","0","N/D","0","0","N/D","","0","","0","0","N/D"
"9203","IVESIMUB","sonia","com.casino.games.buffalo.slots.huawei","","","","","","","0","0","N/D","2020-02-27 11:30","26","653092","","16","653092","0","0","N/D","","0","","0","0","N/D"
"9226","MORXPPFA","""Cartones de Bingo""","es.bingo.cartonesbingo","""2.5.0""","com.android.vending","Casual","","","1","0","0","N/D","2020-02-27 18:25","26","0","0","0","N/D","0","0","N/D","5/16/2020 18:00","15","0","0","0","N/D"
"9228","YAICDIXD","sonia","com.huuuge.casino.texas","","","","","","","0","0","N/D","2020-02-28 09:33","27","3345958","0","0","N/D","0","0","N/D","","0","","0","0","N/D"
"9315","EFOLMHVR","""Bingo Journey""","com.bingo.scape.android.free","""1.2.5""","com.android.vending","Casino","","","1","0","0","N/D","2020-02-29 21:14","28","0","","30","0","","29","0","5/17/2020 18:35","16","0","0","0","N/D"
"9315","EFOLMHVR","""Bingo Party""","com.bingo.tour.party.crazy.free","""2.3.7""","com.android.vending","Board","","","1","0","0","N/D","2020-02-29 21:14","28","0","","30","0","","29","0","5/17/2020 18:35","16","0","0","0","N/D"
"9315","EFOLMHVR","sonia","air.com.pipastudios.release.praiabingo","","","","","","","0","0","N/D","0","0","N/D","0","0","N/D","","29","2278596","","0","","0","0","N/D"
"9315","EFOLMHVR","sonia","com.arcadegame.games.bingo.holiday.free.slots.bash","","","","","","","0","0","N/D","0","0","N/D","0","0","N/D","","29","271861","","0","","0","0","N/D"
"9315","EFOLMHVR","sonia","com.theotino.bingo.luckybingo.wonderland","","","","","","","0","0","N/D","0","0","N/D","0","0","N/D","0","0","N/D","5/17/2020 18:35","16","89521020","0","0","N/D"
"9315","EFOLMHVR","sonia","air.com.pipastudios.release.praiabingo","","","","","","","0","0","N/D","2020-02-29 21:14","28","164328","","30","70499","0","0","N/D","","0","","0","0","N/D"
"9357","WUQWAVGN","sonia","com.absolute.bingo","","","","","","","0","0","N/D","0","0","N/D","0","0","N/D","","27","329072","","0","","0","0","N/D"
"9357","WUQWAVGN","sonia","com.cscs.bingo","","","","","","","0","0","N/D","0","0","N/D","0","0","N/D","","27","447077","","0","","0","0","N/D"
"9357","WUQWAVGN","sonia","es.cabmagazine.bingoencasa","","","","","","","0","0","N/D","0","0","N/D","0","0","N/D","","27","172128","","0","","0","0","N/D"
"9373","BACDIMAD","sonia","air.com.bitrhymes.bingo","","","","","","","0","0","N/D","2020-02-26 20:07","25","50581652","0","0","N/D","0","0","N/D","","0","","0","0","N/D"
"9390","RCINVFBQ","sonia","es.bingo.cartonesbingo","","","","","","","0","0","N/D","0","0","N/D","","21","42715","0","0","N/D","","0","","0","0","N/D"
"9404","DEILXVFK","""Huuuge Casino""","com.huuuge.casino.slots","""5.3.1850""","com.android.vending","Casino","","","1","0","0","N/D","2020-02-26 21:36","25","0","0","0","N/D","0","0","N/D","5/17/2020 3:20","16","0","0","0","N/D"
"9404","DEILXVFK","""Billionaire Casino""","com.huuuge.casino.texas","""5.3.1850""","com.android.vending","Casino","","","1","0","0","N/D","2020-02-26 21:36","25","0","0","0","N/D","0","0","N/D","5/17/2020 3:20","16","0","0","0","N/D"
"9404","DEILXVFK","""Pop! Slots""","com.playstudios.popslots","""2.56.14636""","com.android.vending","Casino","","","1","0","0","N/D","2020-02-26 21:36","25","399927","0","0","N/D","0","0","N/D","5/17/2020 3:20","16","300392","0","0","N/D"
"9404","DEILXVFK","""Scatter Slots""","com.murka.scatterslots","""3.57.0""","com.android.vending","Casino","","","1","0","0","N/D","2020-02-26 21:36","25","0","0","0","N/D","0","0","N/D","5/17/2020 3:20","16","0","0","0","N/D"
"9404","DEILXVFK","""Bingo Bash""","air.com.bitrhymes.bingo","""1.149.0""","com.android.vending","Board","","","1","0","0","N/D","2020-02-26 21:36","25","0","0","0","N/D","0","0","N/D","5/17/2020 3:20","16","0","0","0","N/D"
"9421","FJDAHCER","""PokerStars ES""","com.pyrsoftware.pokerstars.es","""1.119.1""","com.google.android.packageinstaller","Sin categorizar","","","1","0","0","N/D","2020-02-24 21:10","23","0","0","0","N/D","0","0","N/D","5/13/2020 19:34","12","0","0","0","N/D"
"9422","IKHSPSIU","""Texas Holdem Poker""","com.geaxgame.gamezone.texas","""4.7.6""","com.android.vending","Card","","","1","0","0","N/D","2020-02-27 08:13","26","0","0","0","N/D","0","0","N/D","","0","","0","0","N/D"
"9445","IFKPNIPC","""Bingo en Casa""","es.cabmagazine.bingoencasa","""3.3.1""","com.android.vending","Casual","","",""," ","26","0","2020-02-26 19:33","25","0","0","0","N/D","0","0","N/D","","0","","0","0","N/D"
"9446","YSPMIJTH","sonia","es.cabmagazine.bingoencasa","","","","","","","0","0","N/D","0","0","N/D","","25","64932","0","0","N/D","","0","","0","0","N/D"
"9452","LCVBHRAH","""Huuuge Casino""","com.huuuge.casino.slots","""5.3.1850""","com.android.vending","Casino","","","1","0","0","N/D","2020-02-29 18:56","28","0","","27","0","0","0","N/D","5/19/2020 5:55","18","0","0","0","N/D"
"9506","KDLILQVE","""Spin Day""","com.viker.spinday","""2.12.0""","com.android.vending","Casino","","","1","0","0","N/D","0","0","N/D","0","0","N/D","0","0","N/D","","0","","0","0","N/D"
"9506","KDLILQVE","""Lucky Day""","com.luckyday.app","""6.8.2""","com.android.vending","Casino","","","1","0","0","N/D","0","0","N/D","0","0","N/D","0","0","N/D","","0","","0","0","N/D"
"9510","KGAYJYYH","sonia","es.bingo.cartonesbingo","","","","","","","0","0","N/D","0","0","N/D","0","0","N/D","0","0","N/D","5/23/2020 11:35","22","10272522","0","0","N/D"
"9521","FRXKYERT","sonia","air.com.buffalo_studios.newflashbingo","","","","","","","0","0","N/D","0","0","N/D","","6","0","0","0","N/D","","0","","0","0","N/D"
"9524","IPXTMDLW","""Spin Day""","com.viker.spinday","""2.12.0""","com.android.vending","Casino","","","1","0","0","N/D","2020-02-29 09:39","28","0","","30","0","0","0","N/D","5/31/2020 21:59","30","0","","4","0"
"9524","IPXTMDLW","""Spin Royale""","com.viker.spinroyale","""1.6.4""","com.android.vending","Casino","","","1","0","0","N/D","2020-02-29 09:39","28","0","","30","0","0","0","N/D","5/31/2020 21:59","30","0","0","0","N/D"
"9524","IPXTMDLW","""Scratch Day""","com.viker.scratchattack","""3.11.1""","com.android.vending","Casino","","","1","0","0","N/D","2020-02-29 09:39","28","0","","30","0","0","0","N/D","5/31/2020 21:59","30","0","0","0","N/D"
"9532","XBOJRUGG","""Huuuge Casino""","com.huuuge.casino.slots","""5.3.1850""","com.android.vending","Casino","","","1","0","0","N/D","0","0","N/D","0","0","N/D","0","0","N/D","5/16/2020 2:30","15","0","0","0","N/D"
"9532","XBOJRUGG","sonia","com.huuuge.casino.texas","","","","","","","0","0","N/D","0","0","N/D","0","0","N/D","0","0","N/D","5/16/2020 2:30","15","2249138","0","0","N/D"
"9532","XBOJRUGG","sonia","com.wgames.en.neverlandcasino","","","","","","","0","0","N/D","0","0","N/D","0","0","N/D","0","0","N/D","5/16/2020 2:30","15","449863","0","0","N/D"
"9574","SPDYNQTS","""Coin Dozer""","com.leftover.CoinDozer","""21.9""","com.android.vending","Casino","","","1","0","0","N/D","2020-02-26 12:57","25","0","0","0","N/D","0","0","N/D","5/13/2020 12:17","12","0","0","0","N/D"
"9608","CDIJHCKY","sonia","com.gamepoint.bingo","","","","","","","0","0","N/D","2020-02-29 19:54","28","11152","0","0","N/D","0","0","N/D","","0","","0","0","N/D"
"9714","KBDYLIIS","sonia","com.kamagames.pokerist","","","","","","","0","0","N/D","2020-02-26 18:19","25","2677827","0","0","N/D","0","0","N/D","","0","","0","0","N/D"
"9761","RSBBFGBX","sonia","air.com.our.bingo","","","","","","","0","0","N/D","2020-02-10 09:07","9","0","0","0","N/D","0","0","N/D","","0","","0","0","N/D"
"9767","XCLYWTOX","""Paf Casino""","com.paf.mobile","""2.0.4""","com.google.android.packageinstaller","Sin categorizar","","","1","","26","0","2020-02-29 18:11","28","0","0","0","N/D","","29","0","","0","","0","0","N/D"
"9771","BJXRSRWO","""Codere APPuestas""","es.codere.apuestas","""1.0""","com.google.android.packageinstaller","Sin categorizar","","","1","0","0","N/D","0","0","N/D","0","0","N/D","0","0","N/D","","0","","0","0","N/D"
"9771","BJXRSRWO","""888Poker.es""","air.com.A888pokerandroid.ES","""8.2.326""","com.google.android.packageinstaller","Sin categorizar","","","1","0","0","N/D","2020-02-24 22:06","23","400272","","30","2105514","0","0","N/D","5/23/2020 14:43","22","9547318","0","0","N/D"
"9771","BJXRSRWO","""bet365""","com.bet365Wrapper.Bet365_Application","""5.0.0.0""","com.google.android.packageinstaller","Sports","","","1","0","0","N/D","0","0","N/D","0","0","N/D","0","0","N/D","5/23/2020 14:43","22","277691","0","0","N/D"
"9771","BJXRSRWO","""Sportium""","es.sportium.apuestas","""1.6.41""","com.google.android.packageinstaller","Sin categorizar","","","1","0","0","N/D","2020-02-24 22:06","23","0","","30","430177","0","0","N/D","5/23/2020 14:43","22","669006","0","0","N/D"
"9771","BJXRSRWO","""PokerStars ES""","com.pyrsoftware.pokerstars.es","""1.119.1""","com.google.android.packageinstaller","Sin categorizar","","","1","0","0","N/D","2020-02-24 22:06","23","408559","","30","497426","0","0","N/D","5/23/2020 14:43","22","638618","0","0","N/D"
"9788","UFEEQWRM","""Slotomania""","air.com.playtika.slotomania","""6.0.2""","com.android.vending","Casino","","","1","0","0","N/D","0","0","N/D","","30","0","","26","0","5/22/2020 23:38","22","0","0","0","N/D"
"9798","VLVNGULV","sonia","com.Bingo.Fighter","","","","","","","0","0","N/D","0","0","N/D","","10","657790","0","0","N/D","","0","","0","0","N/D"
"9837","HSBFRCUP","""Huuuge Casino""","com.huuuge.casino.slots","""5.2.1800""","com.android.vending","Casino","","","1"," ","26","0","2020-02-29 18:11","28","0","0","0","N/D","","29","0","5/30/2020 22:05","30","0","0","0","N/D"
"9837","HSBFRCUP","""Billionaire Casino""","com.huuuge.casino.texas","""5.3.1850""","com.android.vending","Casino","","","1"," ","26","0","2020-02-29 18:11","28","0","0","0","N/D","","29","0","5/30/2020 22:05","30","0","0","0","N/D"
"9837","HSBFRCUP","""Caesars Slots""","com.playtika.caesarscasino","""3.51.1""","com.android.vending","Casino","","","1"," ","26","240992","2020-02-29 18:11","28","945552","","9","11309","","29","135769","5/30/2020 22:05","30","684457","0","0","N/D"
"9837","HSBFRCUP","""Big Time""","com.winrgames.bigtime","""3.4.5""","com.android.vending","Casino","","","1"," ","26","495995","2020-02-29 18:11","28","3731714","","9","0","","29","0","5/30/2020 22:05","30","0","0","0","N/D"
"9837","HSBFRCUP","""Stars Slots""","com.huuuge.stars.slots","""1.0.921""","com.android.vending","Casino","","","1"," ","26","0","2020-02-29 18:11","28","0","0","0","N/D","","29","0","5/30/2020 22:05","30","0","0","0","N/D"
"9837","HSBFRCUP","sonia","air.com.buffalo_studios.newflashbingo","","","","","",""," ","26","0","2020-02-29 18:11","28","0","0","0","N/D","0","0","N/D","","0","","0","0","N/D"
"9837","HSBFRCUP","sonia","air.com.buffalo_studios.newflashbingo","","","","","","","0","0","N/D","0","0","N/D","0","0","N/D","","29","0","","0","","0","0","N/D"
"9844","QLWTRRII","""Ra Slots""","slots.slot.machine.casino.free","""1.67""","com.android.vending","Casino","","","1","0","0","N/D","0","0","N/D","0","0","N/D","0","0","N/D","","0","","0","0","N/D"
"9844","QLWTRRII","""Mundo Slots""","io.socialgamesonline.mundoslots","""1.6.0""","com.android.vending","Casino","","","","0","0","N/D","2020-02-28 02:16","27","30886","","14","6887","0","0","N/D","5/17/2020 17:55","16","366828","0","0","N/D"
"9895","SMCKJKCL","""Com2uSPoker""","com.com2us.c2sholdem.normal.freefull.samsungapps.global.android.samsung","""1.2.7""","system","Sin categorizar","","1","1","0","0","N/D","0","0","N/D","0","0","N/D","0","0","N/D","","0","","0","0","N/D"
"9910","OVGOGPES","""Abradoodle Bingo""","com.abradoodle.bingo","""2.6.03""","com.android.vending","Board","","","","0","0","N/D","0","0","N/D","0","0","N/D","0","0","N/D","","0","","0","0","N/D"
"9936","WBTEXCBW","""Bingo Pop""","com.uken.BingoPop","""6.1.50""","com.android.vending","Casino","","","1","0","0","N/D","2020-02-29 20:40","28","0","","30","0","","27","0","5/8/2020 2:20","7","0","0","0","N/D"
"9957","BPOACXNC","""Neverland Casino""","com.wgames.en.neverlandcasino","""2.45.1""","com.android.vending","Casino","","","1"," ","30","662532","2020-02-29 22:59","28","1442129","","30","3210035","","29","635141","5/31/2020 21:59","30","2678513","","29","783776"
"9957","BPOACXNC","""Billionaire Casino""","com.huuuge.casino.texas","""5.3.1850""","com.android.vending","Casino","","","1"," ","30","0","2020-02-29 22:59","28","0","","30","0","","29","0","5/31/2020 21:59","30","0","","29","0"
"9957","BPOACXNC","""Caesars Slots""","com.playtika.caesarscasino","""3.51.1""","com.android.vending","Casino","","","1"," ","30","0","2020-02-29 22:59","28","0","","30","0","","29","0","5/31/2020 21:59","30","0","","29","0"
"9957","BPOACXNC","""RockNCash Casino Slot""","net.flysher.rockncash","""1.35.5""","com.android.vending","Casino","","","1","0","0","N/D","0","0","N/D","","30","678066","","29","5387876","5/31/2020 21:59","30","37333609","","29","17752749"
"9957","BPOACXNC","""Stars Slots""","com.huuuge.stars.slots","""1.0.921""","com.android.vending","Casino","","","1"," ","30","0","2020-02-29 22:59","28","0","","30","5545","","29","0","5/31/2020 21:59","30","0","","29","0"
"9957","BPOACXNC","sonia","air.com.A888pokerandroid.ES","","","","","","","0","0","N/D","2020-02-29 22:59","28","11878","","30","11878","0","0","N/D","","0","","0","0","N/D"
"10053","UJLFKJFY","""bet365""","org.chromium.webapk.a90ecd198665365ac","""52""","com.android.vending","Sin categorizar","","",""," ","29","0","2020-02-29 22:59","28","0","","30","0","","29","0","5/31/2020 21:59","30","0","","14","0"
"10125","EQSFGTFG","""Bingo en Casa""","es.cabmagazine.bingoencasa","""3.3.1""","com.android.vending","Casual","","","","0","0","N/D","0","0","N/D","0","0","N/D","0","0","N/D","5/13/2020 18:22","12","0","0","0","N/D"
"10162","GKIKCMAU","sonia","com.leovegas.leocasino","","","","","","","0","0","N/D","2020-02-29 22:59","28","10638253","","30","2379773","0","0","N/D","","0","","0","0","N/D"
"10199","QQMTRAUM","""Lucky Time""","playgame.realmoney.free.scratchers.win.luckytime","""1.3.52""","com.android.vending","Casino","","","1","0","0","N/D","2020-02-25 03:09","24","0","0","0","N/D","0","0","N/D","5/14/2020 6:23","13","3679","0","0","N/D"
"10199","QQMTRAUM","""Lucky Day""","com.luckyday.app","""6.8.2""","com.android.vending","Casino","","","1","0","0","N/D","2020-02-25 03:09","24","20108","0","0","N/D","0","0","N/D","5/14/2020 6:23","13","200382","0","0","N/D"
"10205","DJEJQYDX","""Frichinqo""","com.frichinqo.android","""1.0.2""","com.android.vending","Casino","","","","0","0","N/D","2020-02-27 10:54","26","0","","6","0","0","0","N/D","5/19/2020 11:37","18","0","0","0","N/D"
"10205","DJEJQYDX","""Daily Raffle""","com.dailyraffle","""1.80""","com.android.vending","Casino","","","","0","0","N/D","2020-02-27 10:54","26","0","","6","0","0","0","N/D","5/19/2020 11:37","18","0","0","0","N/D"
"10205","DJEJQYDX","""Spin Day""","com.viker.spinday","""2.12.0""","com.android.vending","Casino","","","1","0","0","N/D","2020-02-27 10:54","26","0","","6","0","0","0","N/D","5/19/2020 11:37","18","0","0","0","N/D"
"10218","RSEXEDVN","sonia","com.playshoo.texaspoker.romania","","","","","","","0","0","N/D","0","0","N/D","0","0","N/D","0","0","N/D","5/9/2020 1:55","8","728350","","29","1413597"
"10222","AKKKXEPP","""Perla del Caribe""","com.slot.maquina.bar.tragaperras.perla.caribe.deluxe","""1.2.5""","com.android.vending","Casino","","","1","0","0","N/D","0","0","N/D","0","0","N/D","0","0","N/D","","0","","0","0","N/D"
"10263","FBPVFDIF","sonia","air.com.buffalo_studios.newflashbingo","","","","","","","0","0","N/D","0","0","N/D","","30","128215691","0","0","N/D","","0","","0","0","N/D"
"10263","FBPVFDIF","sonia","air.com.buffalo_studios.newflashbingo","","","","","","","0","0","N/D","0","0","N/D","0","0","N/D","0","0","N/D","5/31/2020 21:59","30","81691352","","29","23024386"
"10271","AFJEOJIM","sonia","com.huuuge.casino.slots","","","","","","","0","0","N/D","0","0","N/D","0","0","N/D","0","0","N/D","","0","","","29","23273138"
"10271","AFJEOJIM","sonia","air.com.buffalo_studios.newflashbingo","","","","","","","0","0","N/D","0","0","N/D","0","0","N/D","0","0","N/D","","0","","","29","23005106"
"10294","QQCMLSPA","sonia","com.pyrsoftware.pokerstars.es","","","","","","","0","0","N/D","2020-02-24 17:57","23","0","0","0","N/D","0","0","N/D","","0","","0","0","N/D"
"10365","SNGPTTHB","sonia","com.mola.playspace.android.bingo","","","","","","","0","0","N/D","0","0","N/D","0","0","N/D","","29","35218","5/31/2020 21:59","30","35218","0","0","N/D"
"10382","AYDMVJKX","sonia","com.bingo.scape.android.free","","","","","","","0","0","N/D","0","0","N/D","0","0","N/D","0","0","N/D","5/15/2020 7:08","14","15203688","0","0","N/D"
"10395","JWCKBYPI","""William Hill""","who.whsportsbookspain","""1.0.0_427-spain-st""","com.google.android.packageinstaller","Sin categorizar","","","1","0","0","N/D","2020-02-27 17:24","26","0","","29","0","","29","0","5/6/2020 16:36","5","0","0","0","N/D"
"10417","TMLGIJUE","""bet365""","com.ratul.bet365","""1.0""","com.google.android.packageinstaller","Sin categorizar","","","1","0","0","N/D","2020-02-28 04:24","27","0","0","0","N/D","0","0","N/D","5/11/2020 7:26","10","0","0","0","N/D"
"10439","IHRMCJHS","""Pop! Slots""","com.playstudios.popslots","""2.56.14636""","com.android.vending","Casino","","","1","0","0","N/D","2020-02-29 17:29","28","89128","","1","0","0","0","N/D","5/17/2020 22:43","17","67780","0","0","N/D"
"10452","LQLGVTSC","""Roulette Royale - Casino""","com.mw.rouletteroyale","""35.6""","com.android.vending","Casino","","","1","0","0","N/D","0","0","N/D","0","0","N/D","0","0","N/D","","0","","0","0","N/D"
"10502","DAYIHUVR","sonia","air.com.buffalo_studios.newflashbingo","","","","","","","0","0","N/D","2020-02-29 22:59","28","8442","","30","8442","0","0","N/D","","0","","0","0","N/D"
"10502","DAYIHUVR","sonia","air.com.buffalo_studios.newflashbingo","","","","","","","0","0","N/D","0","0","N/D","0","0","N/D","0","0","N/D","5/31/2020 21:59","30","0","","29","1178681"
"10532","WGPKCSNR","""Pokerface""","com.comunix.pokerface","""1.1.10""","com.android.vending","Card","","","1","0","0","N/D","0","0","N/D","0","0","N/D","0","0","N/D","","0","","0","0","N/D"
"10537","KKYENMMU","""Texas Poker""","com.kamagames.pokerist","""30.4.0""","com.android.vending","Card","","","1","0","0","N/D","2020-02-29 22:09","28","0","","1","0","0","0","N/D","5/15/2020 6:05","14","0","0","0","N/D"
"10537","KKYENMMU","""Bingo Heaven""","com.twelvegigs.heaven.bingo","""1.359""","com.android.vending","Board","","","1","0","0","N/D","2020-02-29 22:09","28","0","","1","0","0","0","N/D","5/15/2020 6:05","14","0","0","0","N/D"
"10537","KKYENMMU","""Bingo en Casa""","es.cabmagazine.bingoencasa","""3.3.1""","com.android.vending","Casual","","","","0","0","N/D","2020-02-29 22:09","28","0","","1","0","0","0","N/D","5/15/2020 6:05","14","0","0","0","N/D"
"10537","KKYENMMU","""Cartones de Bingo""","es.bingo.cartonesbingo","""2.5.0""","com.android.vending","Casual","","","","0","0","N/D","2020-02-29 22:09","28","2780","","1","0","0","0","N/D","5/15/2020 6:05","14","0","0","0","N/D"
"10585","JSXKXDSY","""Big Time""","com.winrgames.bigtime","""3.4.5""","com.android.vending","Casino","","","1","0","0","N/D","0","0","N/D","","9","0","0","0","N/D","5/24/2020 11:36","23","0","0","0","N/D"
"10585","JSXKXDSY","""Lucky Day""","com.luckyday.app","""6.8.2""","com.android.vending","Casino","","","1","0","0","N/D","0","0","N/D","","9","1131","0","0","N/D","5/24/2020 11:36","23","318","0","0","N/D"
"10637","MCFNQPHM","""Com2uSPoker""","com.com2us.c2sholdem.normal.freefull.samsungapps.global.android.samsung","""1.3.2""","system","Sin categorizar","","1","1","0","0","N/D","0","0","N/D","0","0","N/D","0","0","N/D","","0","","0","0","N/D"
"10684","GSTCAHMU","sonia","com.playshoo.texaspoker.romania","","","","","","","0","0","N/D","0","0","N/D","0","0","N/D","0","0","N/D","5/13/2020 22:14","13","899293","0","0","N/D"
"10702","XIASWKBF","""LeoVegas""","com.leovegas.leocasino","""3.4.8""","com.google.android.packageinstaller","Sin categorizar","","","1","0","0","N/D","0","0","N/D","","17","19114","0","0","N/D","5/13/2020 10:21","12","0","0","0","N/D"
"10782","KHVCETPU","""Scratch Day""","com.viker.scratchattack","""3.11.1""","com.android.vending","Casino","","","1","0","0","N/D","0","0","N/D","","27","0","0","0","N/D","5/13/2020 10:23","12","0","","29","0"
"10791","XWVDFFBT","""PokerStars ES""","com.pyrsoftware.pokerstars.es","""1.118.0""","com.google.android.packageinstaller","Sin categorizar","","","1","0","0","N/D","0","0","N/D","","9","2983","0","0","N/D","5/14/2020 16:04","13","0","","26","0"
"10795","EEFIBDRV","sonia","air.com.buffalo_studios.newflashbingo","","","","","","","0","0","N/D","0","0","N/D","","10","0","0","0","N/D","","0","","0","0","N/D"
"10832","LWGUTQBJ","""Pop! Slots""","com.playstudios.popslots","""2.56.14636""","com.android.vending","Casino","","","1","0","0","N/D","0","0","N/D","","9","0","0","0","N/D","5/20/2020 4:53","19","0","0","0","N/D"
"10832","LWGUTQBJ","""Slotomania""","air.com.playtika.slotomania","""6.2.3""","com.android.vending","Casino","","","1","0","0","N/D","0","0","N/D","","9","0","0","0","N/D","5/20/2020 4:53","19","0","0","0","N/D"
"10877","FWUJJFUF","""Com2uSPoker""","com.com2us.c2sholdem.normal.freefull.samsungapps.global.android.samsung","""1.2.7""","system","Sin categorizar","","1","1","0","0","N/D","0","0","N/D","0","0","N/D","0","0","N/D","","0","","0","0","N/D"
"10906","QFCXPYTP","""Perla del Caribe""","com.slot.maquina.bar.tragaperras.perla.caribe.deluxe","""1.2.5""","com.android.vending","Casino","","","","0","0","N/D","0","0","N/D","","14","0","0","0","N/D","5/17/2020 16:16","16","1551","0","0","N/D"
"10911","DUULDSIP","""bwin Sports""","com.bwinlabs.betdroid_es","""18.12.03""","com.google.android.packageinstaller","Sin categorizar","","","1","0","0","N/D","0","0","N/D","0","0","N/D","0","0","N/D","","0","","0","0","N/D"
"10912","TMOCBUGB","""bwin Sports""","com.bwinlabs.betdroid_es","""18.12.03""","com.google.android.packageinstaller","Sin categorizar","","","1","0","0","N/D","0","0","N/D","","17","0","0","0","N/D","5/10/2020 7:11","9","0","0","0","N/D"
"10913","UFRPRQTY","sonia","com.uken.BingoPop","","","","","","","0","0","N/D","0","0","N/D","","12","1238930","0","0","N/D","","0","","0","0","N/D"
"10915","BIGPQNNR","sonia","com.sportium.poker","","","","","","","0","0","N/D","0","0","N/D","0","0","N/D","","29","186409686","","0","","0","0","N/D"
"10918","NQBYWOFJ","sonia","com.slot.best.spins.casino.machine.bar.tragaperras.tesoro.monedas.java","","","","","","","0","0","N/D","0","0","N/D","","12","453416","0","0","N/D","","0","","0","0","N/D"
"10918","NQBYWOFJ","sonia","com.slot.spins.casino.machine.bar.tragaperras.troya.tragamonedas","","","","","","","0","0","N/D","0","0","N/D","","12","761759","0","0","N/D","","0","","0","0","N/D"
"10918","NQBYWOFJ","sonia","com.slot.spins.casino.machine.bar.tragaperras.vikingos.unidesa.tragamonedas","","","","","","","0","0","N/D","0","0","N/D","","12","700675","0","0","N/D","","0","","0","0","N/D"
"10936","PHMGUDID","sonia","com.pyrsoftware.pokerstars.es","","","","","","","0","0","N/D","0","0","N/D","","18","251784","0","0","N/D","","0","","0","0","N/D"
"10937","EMYQMAGJ","""888Poker.es""","air.com.A888pokerandroid.ES","""8.2.326""","com.google.android.packageinstaller","Sin categorizar","","","1","0","0","N/D","0","0","N/D","","17","0","0","0","N/D","5/15/2020 10:20","14","0","0","0","N/D"
"10937","EMYQMAGJ","""Sportium Poker""","com.sportium.poker","""20.1.06001""","com.google.android.packageinstaller","Sin categorizar","","","1","0","0","N/D","0","0","N/D","","17","0","0","0","N/D","5/15/2020 10:20","14","0","0","0","N/D"
"10937","EMYQMAGJ","""PokerStarsES""","com.pyrsoftware.pokerstars.es","""1.122.0""","com.google.android.packageinstaller","Sin categorizar","","","1","0","0","N/D","0","0","N/D","","17","9501857","0","0","N/D","5/15/2020 10:20","14","0","0","0","N/D"
"10937","EMYQMAGJ","""partypokerES""","es.partypoker.poker","""6.0.4""","com.google.android.packageinstaller","Sin categorizar","","","","0","0","N/D","0","0","N/D","0","0","N/D","0","0","N/D","","0","","0","0","N/D"
"10937","EMYQMAGJ","""partypokerLIVE""","com.partypoker.mobileapp","""2.10.4""","com.android.vending","Entertainment","","","","0","0","N/D","0","0","N/D","","17","0","0","0","N/D","","0","","0","0","N/D"
"10940","BCLNNNRF","""bwin.es Poker""","es.bwin.android.poker","""5.6.2""","com.google.android.packageinstaller","Sin categorizar","","","","0","0","N/D","0","0","N/D","","20","0","0","0","N/D","5/14/2020 15:11","13","0","0","0","N/D"
"10940","BCLNNNRF","""888Poker.es""","air.com.A888pokerandroid.ES","""8.2.326""","com.google.android.packageinstaller","Sin categorizar","","","1","0","0","N/D","0","0","N/D","","20","0","0","0","N/D","5/14/2020 15:11","13","769805","0","0","N/D"
"10940","BCLNNNRF","""PokerStars ES""","com.pyrsoftware.pokerstars.es","""1.119.1""","com.google.android.packageinstaller","Sin categorizar","","","1","0","0","N/D","0","0","N/D","","20","156934","0","0","N/D","5/14/2020 15:11","13","201666","0","0","N/D"
"10943","AUIOFEHL","""Slot.com""","io.socialgamesonline.slotcom","""1.11.6""","com.android.vending","Casino","","","","0","0","N/D","0","0","N/D","0","0","N/D","0","0","N/D","","0","","0","0","N/D"
"10972","BAJBKJJB","""PokerStarsES""","com.pyrsoftware.pokerstars.es","""1.123.0""","com.google.android.packageinstaller","Sin categorizar","","","1","0","0","N/D","0","0","N/D","","18","2374035","0","0","N/D","5/14/2020 4:48","13","4397042","0","0","N/D"
"10972","BAJBKJJB","sonia","air.com.A888pokerandroid.ES","","","","","","","0","0","N/D","0","0","N/D","","18","7944564","0","0","N/D","","0","","0","0","N/D"
"10972","BAJBKJJB","sonia","air.com.A888pokerandroid.ES","","","","","","","0","0","N/D","0","0","N/D","0","0","N/D","0","0","N/D","5/14/2020 4:48","13","24226","0","0","N/D"
"10982","BBAURSYO","sonia","air.com.spicerackmedia.bingoshowdown","","","","","","","0","0","N/D","0","0","N/D","","14","8155177","0","0","N/D","","0","","0","0","N/D"
"10982","BBAURSYO","sonia","com.bingo.scape.android.free","","","","","","","0","0","N/D","0","0","N/D","","14","16477871","0","0","N/D","","0","","0","0","N/D"
"10982","BBAURSYO","sonia","com.clipwiregames.bingostory","","","","","","","0","0","N/D","0","0","N/D","","14","20723867","0","0","N/D","","0","","0","0","N/D"
"10982","BBAURSYO","sonia","com.gamepoint.bingo","","","","","","","0","0","N/D","0","0","N/D","","14","12270883","0","0","N/D","","0","","0","0","N/D"
"10982","BBAURSYO","sonia","com.luabingo","","","","","","","0","0","N/D","0","0","N/D","","14","80657914","0","0","N/D","","0","","0","0","N/D"
"10982","BBAURSYO","sonia","com.mola.playspace.android.bingo","","","","","","","0","0","N/D","0","0","N/D","","14","7639936","0","0","N/D","","0","","0","0","N/D"
"11021","JTPQSCSF","""Com2uSPoker""","com.com2us.c2sholdem.normal.freefull.samsungapps.global.android.samsung","""1.2.7""","system","Sin categorizar","","1","1","0","0","N/D","0","0","N/D","0","0","N/D","0","0","N/D","","0","","0","0","N/D"
"11023","RCDODILK","""Slot.com""","io.socialgamesonline.slotcom","""1.10.0""","com.android.vending","Casino","","","","0","0","N/D","0","0","N/D","","26","0","0","0","N/D","5/21/2020 14:17","20","7109","0","0","N/D"
"11023","RCDODILK","sonia","slots.hot.vegas.casino.games.free","","","","","","","0","0","N/D","0","0","N/D","","26","96952","0","0","N/D","","0","","0","0","N/D"
"11029","HTJTGWOS","sonia","es.cabmagazine.bingoencasa","","","","","","","0","0","N/D","0","0","N/D","","29","417091","0","0","N/D","","0","","0","0","N/D"
"11043","EWQEYRDM","""Scratch Day""","com.viker.scratchattack","""3.11.1""","com.android.vending","Casino","","","1","0","0","N/D","0","0","N/D","","22","0","0","0","N/D","5/18/2020 4:19","17","98077","0","0","N/D"
"11043","EWQEYRDM","sonia","slots.pcg.casino.games.free.android","","","","","","","0","0","N/D","0","0","N/D","","22","2956","0","0","N/D","","0","","0","0","N/D"
"11067","NJGMKTWD","sonia","com.mofunslots.richescasino","","","","","","","0","0","N/D","0","0","N/D","","23","515240","0","0","N/D","","0","","0","0","N/D"
"11067","NJGMKTWD","sonia","com.superluckycasino.doubleup.slots.vegas.android.free","","","","","","","0","0","N/D","0","0","N/D","","23","902225","0","0","N/D","","0","","0","0","N/D"
"11067","NJGMKTWD","sonia","com.huuuge.casino.slots","","","","","","","0","0","N/D","0","0","N/D","","23","4183864","0","0","N/D","","0","","0","0","N/D"
"11070","PWRAATSX","""Blackjack""","com.clockwatchers.blackjack","""3.3""","com.android.vending","Casino","","","1","0","0","N/D","0","0","N/D","0","0","N/D","0","0","N/D","","0","","0","0","N/D"
"11093","QAKIDVRE","""Spin Day""","com.viker.spinday","""2.12.0""","com.android.vending","Casino","","","1","0","0","N/D","0","0","N/D","","24","0","0","0","N/D","5/16/2020 1:31","15","0","0","0","N/D"
"11093","QAKIDVRE","""Scratch Day""","com.viker.scratchattack","""3.11.1""","com.android.vending","Casino","","","1","0","0","N/D","0","0","N/D","","24","19212","0","0","N/D","5/16/2020 1:31","15","14440","0","0","N/D"
"11093","QAKIDVRE","sonia","com.playtech.poker.sn.bet365es","","","","","","","0","0","N/D","0","0","N/D","0","0","N/D","0","0","N/D","5/16/2020 1:31","15","311807","0","0","N/D"
"11093","QAKIDVRE","sonia","slots.pcg.casino.games.free.android","","","","","","","0","0","N/D","0","0","N/D","","24","986998","0","0","N/D","","0","","0","0","N/D"
"11093","QAKIDVRE","sonia","com.playtech.poker.sn.bet365es","","","","","","","0","0","N/D","0","0","N/D","","24","1483475","0","0","N/D","","0","","0","0","N/D"
"11093","QAKIDVRE","sonia","com.huuuge.casino.slots","","","","","","","0","0","N/D","0","0","N/D","","24","208886","0","0","N/D","","0","","0","0","N/D"
"11097","BRLCGQHB","sonia","slots.pcg.casino.games.free.android","","","","","","","0","0","N/D","0","0","N/D","","30","180183","0","0","N/D","","0","","0","0","N/D"
"11139","UYTQKGUI","""Slotomania""","air.com.playtika.slotomania","""6.1.0""","com.android.vending","Casino","","","1"," ","25","848","2020-02-20 20:26","19","4720","0","0","N/D","","29","571","5/18/2020 16:29","17","2597","0","0","N/D"
"11159","HUXNTJWP","""Spin Day""","com.viker.spinday","""3.0.0""","com.android.vending","Casino","","","1"," ","30","0","0","0","N/D","","27","0","0","0","N/D","","0","","0","0","N/D"
"11172","SQULHDSP","""PokerStarsES""","com.pyrsoftware.pokerstars.es","""1.122.0""","com.google.android.packageinstaller","Sin categorizar","","","1","0","0","N/D","2020-02-24 20:23","23","1506","0","0","N/D","0","0","N/D","5/14/2020 2:02","13","0","0","0","N/D"
"11190","RNHANINN","""888Poker.es""","air.com.A888pokerandroid.ES","""8.2.326""","com.google.android.packageinstaller","Sin categorizar","","","1","0","0","N/D","0","0","N/D","0","0","N/D","0","0","N/D","5/13/2020 9:31","12","0","0","0","N/D"
"11190","RNHANINN","""PokerStars ES""","com.pyrsoftware.pokerstars.es","""1.119.1""","com.google.android.packageinstaller","Sin categorizar","","","1","0","0","N/D","2020-02-24 16:26","23","470759","0","0","N/D","0","0","N/D","5/13/2020 9:31","12","1073199","0","0","N/D"
"11197","LRAFXQDM","""Mundo Slots""","io.socialgamesonline.mundoslots","""1.5.4""","com.android.vending","Casino","","","","0","0","N/D","2020-02-27 00:31","26","106756","","2","3338","0","0","N/D","5/13/2020 10:12","12","126823","0","0","N/D"
"11197","LRAFXQDM","""Slot.com""","io.socialgamesonline.slotcom","""1.11.6""","com.android.vending","Casino","","","","0","0","N/D","2020-02-27 00:31","26","139151","","2","674954","0","0","N/D","5/13/2020 10:12","12","0","0","0","N/D"
"11197","LRAFXQDM","""Praia Bingo""","air.com.pipastudios.release.praiabingo","""28.08""","com.android.vending","Board","","","1","0","0","N/D","0","0","N/D","0","0","N/D","0","0","N/D","","0","","0","0","N/D"
"11224","OYLPISJR","""Bingo en Casa""","es.cabmagazine.bingoencasa","""3.3.1""","com.android.vending","Casual","","","","0","0","N/D","2020-02-27 23:30","27","5444307","0","0","N/D","0","0","N/D","5/13/2020 14:53","12","165784","","29","621797"
"11265","QLSDKNKN","""bet365""","org.chromium.webapk.a90ecd198665365ac","""52""","com.android.vending","Sin categorizar","","","","0","0","N/D","0","0","N/D","","12","0","0","0","N/D","5/16/2020 2:51","15","0","0","0","N/D"
"11287","QJBLCIQG","sonia","com.youdagames.monopolypoker","","","","","","","0","0","N/D","0","0","N/D","0","0","N/D","0","0","N/D","","0","","","29","149088"
"11288","XIIQXRWL","""bet365""","com.bet365Wrapper.Bet365_Application","""5.0.12.2""","com.google.android.packageinstaller","Sports","","","1","0","0","N/D","2020-02-25 17:58","24","0","0","0","N/D","0","0","N/D","5/14/2020 23:54","14","0","0","0","N/D"
"11303","AAEPWFLD","sonia","com.pyrsoftware.pokerstars.es","","","","","","","0","0","N/D","0","0","N/D","0","0","N/D","0","0","N/D","5/17/2020 2:21","16","0","0","0","N/D"
"11354","SSQNLGKE","""Coin Dozer""","com.coin.dozer.pusher","""1.12""","com.android.vending","Casino","","","1","0","0","N/D","0","0","N/D","0","0","N/D","0","0","N/D","","0","","0","0","N/D"
"11354","SSQNLGKE","sonia","com.mola.playspace.android.bingo","","","","","","","0","0","N/D","0","0","N/D","0","0","N/D","0","0","N/D","","0","","","14","464819"
"11356","QTCJEDAW","""Com2uSPoker""","com.com2us.c2sholdem.normal.freefull.samsungapps.global.android.samsung","""1.2.7""","system","Sin categorizar","","1","1","0","0","N/D","0","0","N/D","0","0","N/D","0","0","N/D","","0","","0","0","N/D"
"","","","","","","","","","","","","","","","","","","","","","","","","","","",""
"","","","","","","","","","","","","","","","","","","","","","","","","","","",""
"","","","","","","","","","","","","","","","","","","","","","","","","","","",""
"","","","","","","","","","","","","","","","","","","","","","","","","","","",""
"","","","","","","","","","","","","","","","","","","","","","","","","","","",""
"","","","","","","","","","","","","","","","","","","","","","","","","","","",""
"","","","","","","","","","","","","","","","","","","","","","","","","","","",""
"","","","","","","","","","","","","","","","","","","","","","","","","","","",""
"","","","","","","","","","","","","","","","","","","","","","","","","","","",""
"","","","","","","","","","","","","","","","","","","","","","","","","","","",""
"","","","","","","","","","","","","","","","","","","","","","","","","","","",""
"","","","","","","","","","","","","","","","","","","","","","","","","","","",""
"","","","","","","","","","","","","","","","","","","","","","","","","","","",""
